
<?xml version="1.0" encoding="UTF-8" standalone="yes"?>
<addon id="repository.saxokodi" name="saxokodi official Repo" version="1.1.0" provider-name="saxokodi">
	<extension point="xbmc.addon.repository" name="saxokodi official Repo">
		<info compressed="false">https://raw.github.com/saxonaique/saxokodi/master/addons.xml</info>
		<checksum>https://raw.github.com/saxonaique/saxokodi/master/addons.xml.md5</checksum>
		<datadir zip="true">https://raw.github.com/saxonaique/saxokodi/master</datadir>
	</extension>
	<extension point="xbmc.addon.metadata">
		<summary>saxokodi Repo</summary>
   		<description lang="en">Instala los Addons de saxokodi.</description>
		<disclaimer></disclaimer>
		<platform>all</platform>
	</extension>
</addon>