<?xml version="1.0" encoding="UTF-8" standalone="yes"?>
<addon id="repository.saxokodi" name="saxokodi Repo" version="1.1.1" provider-name="saxokodi">
	<extension point="xbmc.addon.repository" name="Kodi-Mexico official Repo">
		<info compressed="false">https://raw.githubusercontent.com/saxonaique/saxokodi/master/addons.xml</info>
		<checksum>https://raw.githubusercontent.com/saxonaique/saxokodi/master/addons.xml.md5</checksum>
		<datadir zip="true">https://raw.githubusercontent.com/saxonaique/saxokodi/master</datadir>
	</extension>
	<extension point="xbmc.addon.metadata">
		<summary>repository saxokodi</summary>
   		<description lang="en">Instala los Addons de repository.saxokodi.</description>
		<disclaimer></disclaimer>
		<platform>all</platform>
	</extension>
</addon>