<?xml version="1.0" encoding="UTF-8"?>
<scraper framework="1.1" date="2017-08-04">

	<!--obtención de la url desde el fichero .nfo -->
	<NfoUrl dest="3">
		<RegExp conditional="!FAmobile" input="$$5" output="&lt;url&gt;https://www.filmaffinity.com/es/film\1.html\2&lt;/url&gt;" dest="3">
			<RegExp input="$$1" output="\2;" dest="5">
				<expression noclean="1">/(www|m).filmaffinity.com/[^/]+/[^0-9]+([0-9]+)</expression>
			</RegExp>
			<RegExp input="$$1" output="#tt\1" dest="5+">
				<expression noclean="1">imdb.com/title/tt([0-9]+)</expression>
			</RegExp>
			<expression noclean="1">([0-9]+);(.*)</expression>
		</RegExp>
		<RegExp conditional="FAmobile" input="$$5" output="&lt;url&gt;https://m.filmaffinity.com/es/movie.php?id=\1\2&lt;/url&gt;" dest="3">
			<RegExp input="$$1" output="\2;" dest="5">
				<expression noclean="1">/(www|m).filmaffinity.com/[^/]+/[^0-9]+([0-9]+)</expression>
			</RegExp>
			<RegExp input="$$1" output="#tt\1" dest="5+">
				<expression noclean="1">imdb.com/title/tt([0-9]+)</expression>
			</RegExp>
			<expression noclean="1">([0-9]+);(.*)</expression>
		</RegExp>
	</NfoUrl>

	<!-- búsqueda principal -->
	<CreateSearchUrl SearchStringEncoding="UTF-8" dest="3">
		<!-- búsqueda de filmaffinity usando título y año -->
		<RegExp conditional="!GoogleAdvSearch" input="$$1" output="&lt;url&gt;https://www.filmaffinity.com/es/advsearch.php?stype[]=title&amp;fromyear=$$2&amp;toyear=$$2&amp;stext=\1&lt;/url&gt;" dest="3">
			<expression noclean="1" />
		</RegExp>
		<!-- búsqueda en filmaffinity a través de google -->
		<RegExp conditional="GoogleAdvSearch" input="$$1" output="&lt;url&gt;https://www.google.com/search?sourceid=navclient&amp;q=filmaffinity+\1+$$2&lt;/url&gt;" dest="3">
			<expression noclean="1" />
		</RegExp>
	</CreateSearchUrl>

	<!-- parseo de los resultados de la búsqueda principal -->
	<GetSearchResults dest="8">
		<RegExp input="$$5" output="&lt;?xml version=&quot;1.0&quot;; encoding=&quot;UTF-8&quot; standalone=&quot;yes&quot;?&gt;&lt;results&gt;\1&lt;/results&gt;" dest="8">
			<!-- búsqueda de filmaffinity -->
			<RegExp conditional="!GoogleAdvSearch" input="$$1" output="&lt;entity&gt;&lt;title&gt;\2 (\3)&lt;/title&gt;&lt;id&gt;\1&lt;/id&gt;&lt;/entity&gt;" dest="5">
				<expression repeat="yes" noclean="1,2,3">film([0-9]+)\.[^&gt;]+&gt;([^&lt;]+)&lt;/a&gt;[^\(]*\(([0-9]{4})</expression>
			</RegExp>
			<!-- búsqueda de google -->
			<RegExp conditional="GoogleAdvSearch" input="$$1" output="&lt;entity&gt;&lt;title&gt;\2&lt;/title&gt;&lt;id&gt;\1&lt;/id&gt;&lt;/entity&gt;" dest="5">
				<expression repeat="yes">/film([0-9]+).html&amp;[^&gt;]+&gt;(.+?)( - [&lt;F].+?)?&lt;/a&gt;</expression>
			</RegExp>
			<!-- resultados de la web principal -->
			<RegExp conditional="!FAmobile" input="$$5" output="\1&lt;url&gt;https://www.filmaffinity.com/es/film\2.html&lt;/url&gt;&lt;/entity&gt;" dest="5">
				<expression repeat="yes" noclean="1">(&lt;entity&gt;.+?([0-9]+)&lt;/id&gt;)&lt;/entity&gt;</expression>
			</RegExp>
			<!-- resultados de la web móvil -->
			<RegExp conditional="FAmobile" input="$$5" output="\1&lt;url&gt;https://m.filmaffinity.com/es/movie.php?id=\2&lt;/url&gt;&lt;/entity&gt;" dest="5">
				<expression repeat="yes" noclean="1">(&lt;entity&gt;.+?([0-9]+)&lt;/id&gt;)&lt;/entity&gt;</expression>
			</RegExp>
			<!-- en caso de que haya más de 10 páginas de resultados en FA asumimos un error en la búsqueda -->
			<!-- y reseteamos los resultados para forzar que XBMC repita la búsqueda con el encoding adecuado -->
			<RegExp conditional="!GoogleAdvSearch" input="$$1" output="" dest="5">
				<expression>page=10</expression>
			</RegExp>
			<expression noclean="1" />
		</RegExp>
	</GetSearchResults>

	<!-- obtención de los detalles de la película (algunos por duplicado para almacenaje y uso posterior) -->
	<GetDetails dest="3" clearbuffers="no">
		
		<!-- guarda el IMDBid si viene del nfourl -->
		<RegExp input="$$3" output="\1" dest="15">
			<expression>#tt([0-9]+)</expression>
		</RegExp>
		
		<!-- procede con la obtención de información -->
		<RegExp input="$$5" output="&lt;details&gt;\1&lt;/details&gt;" dest="3">

			<!-- guarda el id de filmaffinity -->
			<RegExp input="$$1" output="\1" dest="16">
				<expression noclean="1">movie_id=([0-9]+)</expression>
			</RegExp>
			
			<!-- título -->
			<RegExp input="$$1" output="\1" dest="11">
				<expression trim="1">&lt;title&gt;(.+?)(\(AKA|\([0-9]{4}\) - F| - F|&lt;/)</expression>
			</RegExp>
			<RegExp input="$$11" conditional="!EnableOriginalTitles" output="&lt;title&gt;\1&lt;/title&gt;" dest="5">
				<expression noclean="1" />
			</RegExp>
			
			<!-- título original -->
			<!-- eliminar "(Disneys's )?" y usar \1 cuando filmaffinity deje de añadirlo) -->
			<RegExp input="$$1" output="\2" dest="12">
				<expression trim="1">T[ií]tulo original&lt;/dt&gt;(Disney's )?(.+?)(\(AKA|aka +&lt;|&lt;/dd&gt;)</expression>
			</RegExp>
			<RegExp input="$$12" conditional="EnableOriginalTitles" output="&lt;title&gt;\1&lt;/title&gt;" dest="5">
				<expression noclean="1" />
			</RegExp>
			<RegExp input="$$12" output="&lt;originaltitle&gt;\1&lt;/originaltitle&gt;" dest="5+">
				<expression noclean="1" />
			</RegExp>
			
			<!-- año -->
			<RegExp input="$$9" output="\1" dest="13">
				<RegExp input="$$1" output="\1" dest="9">
					<expression trim="1">&gt;Año[^&lt;]*&lt;/dt&gt;(.+?)&lt;/dd&gt;</expression>
				</RegExp>
				<expression>([0-9]{4})</expression>
			</RegExp>
			<RegExp input="$$13" output="&lt;year&gt;\1&lt;/year&gt;" dest="5+">
				<expression noclean="1" />
			</RegExp>
			
			<!-- dirección -->
			<RegExp input="$$9" output="&lt;director&gt;\1&lt;/director&gt;" dest="5+">
				<RegExp input="$$1" output="\1  " dest="9">
					<expression trim="1">Director&lt;/dt&gt;(.+?)&lt;/dd&gt;</expression>
				</RegExp>
				<expression repeat="yes" trim="1">(.+?),?\s\s+</expression>
			</RegExp>
			<!-- dirección (apellidos) para refinar búsqueda del IMDBid -->
			<RegExp input="$$5" output="\1|" dest="14">
				<expression repeat="yes">([^ ]+)&lt;/director</expression>
			</RegExp>
			
			<!-- duración -->
			<RegExp input="$$1" output="&lt;runtime&gt;\1&lt;/runtime&gt;" dest="5+">
				<expression trim="1">Duraci[oó]n&lt;/dt&gt;(.+?)&lt;/dd&gt;</expression>
			</RegExp>
			
			<!-- género -->
			<RegExp input="$$9" output="&lt;genre&gt;\1&lt;/genre&gt;" dest="5+">
				<RegExp input="$$1" output="\1" dest="9">
					<expression noclean="1">G[eé]nero&lt;/dt&gt;(.+?)&lt;/dd&gt;</expression>
				</RegExp>
				<expression repeat="yes" trim="1">genre[^&gt;]+&gt;([^&lt;]+)</expression>
			</RegExp>
			
			<!-- guión -->
			<RegExp input="$$9" output="&lt;credits&gt;\1&lt;/credits&gt;" dest="5+">
				<RegExp input="$$1" output="\1" dest="9">
					<expression trim="1">Gui[oó]n&lt;/dt&gt;(.+?)&lt;/dd&gt;</expression>
				</RegExp>
				<expression repeat="yes" trim="1">(.+?)(&amp;amp;|;|,|$)</expression>
			</RegExp>
			
			<!-- país -->
			<RegExp input="$$9" output="&lt;country&gt;\2&lt;/country&gt;" dest="5+">
				<RegExp input="$$1" output="\1" dest="9">
					<expression trim="1">Pa[ií]s&lt;/dt&gt;(.+?)&lt;/dd&gt;</expression>
				</RegExp>
				<expression>(&nbsp;)*([^0-9/]+)</expression>
			</RegExp>
			
			<!-- productora (estudio) -->
			<RegExp input="$$9" output="&lt;studio&gt;\1&lt;/studio&gt;" dest="5+">
				<RegExp input="$$1" output="\1" dest="9">
					<expression>Productora&lt;/dt&gt;(.+?)&lt;/dd&gt;</expression>
				</RegExp>
				<expression repeat="yes" trim="1">([^,\;/]+)</expression>
			</RegExp>
			<RegExp conditional="StudioFlagsON" input="$$5" output="\1" dest="5">
				<!-- nos quedamos sólo con la primera productora -->
				<expression noclean="1">(.+?&lt;/studio&gt;)</expression>
			</RegExp>
			
			<!-- puntuación y número de votos -->
			<RegExp conditional="!IMDBRatings" input="$$9" output="\1" dest="5+">
				<RegExp input="$$1" output="&lt;rating&gt;\1&lt;/rating&gt;" dest="9">
					<expression>ratingValue&quot; content=&quot;([^&quot;]+)</expression>
				</RegExp>
				<RegExp input="$$1" output="&lt;votes&gt;\1&lt;/votes&gt;" dest="9+">
					<expression>ratingCount&quot; content=&quot;([^&quot;]+)</expression>
				</RegExp>
				<expression noclean="1" />
			</RegExp>
			
			<!-- reparto -->
			<RegExp conditional="!IMDBCast" input="$$9" output="&lt;actor&gt;&lt;name&gt;\1&lt;/name&gt;&lt;/actor&gt;" dest="5+">
				<RegExp input="$$1" output="\1  " dest="9">
					<expression trim="1">Reparto&lt;/dt&gt;(.+?)&lt;/dd&gt;</expression>
				</RegExp>
				<expression repeat="yes">(.+?),?\s\s+</expression>
			</RegExp>
			
			<!-- sinopsis -->
			<RegExp input="$$1" output="&lt;plot&gt;\1&lt;/plot&gt;" dest="5+">
				<expression>Sinopsis&lt;/dt&gt;(.+?)(\(FILMAFFINITY\)|&lt;/dd&gt;)</expression>
			</RegExp>
			
			<!-- obtención del IMDBid (ha de ir antes de cualquier función que limpie los buffers) -->
			<RegExp input="$$9" output="&lt;url function=&quot;GetIMDBid&quot;&gt;\1&lt;/url&gt;" dest="5+">
				<!-- descomponemos en palabras el título original y las unimos con "+" -->
				<RegExp input="$$12" output="\1+" dest="9">
					<!-- caracteres latinos UTF-8, números y aperturas de paréntesis -->
					<!-- fuente: http://www.w3schools.com/charsets/ref_html_utf8.asp -->
					<expression repeat="yes">([\(a-zA-Z0-9&#192;-&#591;]+)</expression>
				</RegExp>
				<!-- búsqueda en imdb, sin el año -->
				<RegExp conditional="!GoogleAdvSearch" input="$$9" output="http://www.imdb.com/xml/find?xml=1&amp;nr=1&amp;tt=on&amp;q=\1" dest="9">
					<!-- nos quedamos con el título original sólo hasta encontrar (o no) una apertura de paréntesis -->
					<RegExp input="$$9" output="\1" dest="9">
						<expression>([^\(]+)</expression>
					</RegExp>
					<expression noclean="1" />
				</RegExp>
				<!-- búsqueda en google, con el año -->
				<RegExp conditional="GoogleAdvSearch" input="$$9" output="https://www.google.com/search?q=site:imdb.com+\1($$13)" dest="9">
					<expression noclean="1" />
				</RegExp>
				<expression noclean="1" />
			</RegExp>
		
			<!-- trailer de filmaffinity -->
			<RegExp conditional="EnableFATrailer" input="$$16" output="&lt;url function=&quot;GetFilmAffinityTrailer&quot;&gt;https://www.filmaffinity.com/es/movieTrailer.php?id=\1&lt;/url&gt;" dest="5+">
				<expression noclean="1" />
			</RegExp>

			<!-- descarga el poster principal de filmaffinity -->
			<RegExp conditional="FirstFilmAffinityPoster" input="$$1" output="&lt;thumb aspect=&quot;poster&quot;&gt;\2&lt;/thumb&gt;" dest="5+">
				<expression noclean="1">(href|src)=&quot;(https://pics.filmaffinity.com/[^&quot;]+)</expression>
			</RegExp>
			
			<!-- descarga todos los posters que haya en filmaffinity -->
			<RegExp conditional="EnableFilmAffinityPosters" input="$$16" output="&lt;url function=&quot;GetFilmAffinityPosters&quot;&gt;https://www.filmaffinity.com/es/filmimages.php?movie_id=\1&lt;/url&gt;" dest="5+">
				<expression noclean="1" />
			</RegExp>
			
			<!-- eliminamos todos los espacios en blanco que hayan aparecido por el camino -->
			<RegExp input="$$5" output="\1 " dest="5">
				<expression repeat="yes" noclean="1">(\S+)</expression>
			</RegExp>
			
			<!-- y le devolvemos todos los detalles al señor XBMC -->
			<expression noclean="1" />
		</RegExp>
	</GetDetails>

	<!-- obtención y uso del id de IMDB -->
	<GetIMDBid dest="3">
		<RegExp input="$$5" output="&lt;details&gt;\1&lt;/details&gt;" dest="3">

			<!-- reseteamos la variable que almacenará el id de IMDB -->
			<RegExp input="" output="0" dest="6">
				<expression noclean="1" />
			</RegExp>
			
			<!-- coincidencia con año -->
			<RegExp conditional="!GoogleAdvSearch" input="$$1" output="\1" dest="6">
				<expression>tt([0-9]+)[^&lt;]+&lt;Description&gt;$$13</expression>
			</RegExp>
			<!-- coincidencia con apellido de director -->
			<RegExp conditional="!GoogleAdvSearch" input="$$1" output="\1" dest="6">
				<expression>tt([0-9]+)[^&lt;]+&lt;Description&gt;[^&gt;]+[^&lt;]+($$14·)</expression>
			</RegExp>
			<!-- coincidencia con año y apellido de director -->
			<RegExp conditional="!GoogleAdvSearch" input="$$1" output="\1" dest="6">
				<expression>tt([0-9]+)[^&lt;]+&lt;Description&gt;$$13[^&gt;]+[^&lt;]+($$14·)</expression>
			</RegExp>

			<!-- obtención del id de IMDB si es a través de google -->
			<RegExp conditional="GoogleAdvSearch" input="$$1" output="\1" dest="6">
				<expression>/title/tt([0-9]+)</expression>
			</RegExp>

			<!-- obtención del id de IMDB a través de nfourl (sobreescribe si $$15 contiene algo) -->
			<RegExp input="$$15" output="\1" dest="6">
				<expression>([0-9]+)</expression>
			</RegExp>
			
			<!-- salida del id de IMDB -->
			<RegExp input="$$6" output="&lt;id&gt;tt\1&lt;/id&gt;" dest="5">
				<expression noclean="1" />
			</RegExp>
			
			<!-- obtención del poster de trakt.tv -->
			<RegExp conditional="EnableTraktPoster" input="$$6" output="&lt;url cache=&quot;trakttv-tt$$6.json&quot; function=&quot;GetTraktPoster&quot;&gt;http://api.trakt.tv/movie/summary.json/be64291aafbbbe62fdc4f3aa0edb4073/tt$$6&lt;/url&gt;" dest="5+">
				<expression noclean="1" />
			</RegExp>
			<!-- obtención del poster de fanart.tv -->
			<RegExp conditional="EnableFanartTvPoster" input="$$6" output="&lt;url cache=&quot;fanarttv-tt$$6.json&quot; function=&quot;GetFanartTvPoster&quot;&gt;http://webservice.fanart.tv/v3/movies/tt\1?api_key=ed4b784f97227358b31ca4dd966a04f1&lt;/url&gt;" dest="5+">
				<expression noclean="1" />
			</RegExp>
			<!-- obtención de los posters de IMDB -->
			<RegExp conditional="EnableIMDBPosters" input="$$6" output="&lt;chain function=&quot;GetIMDBThumbsById&quot;&gt;tt\1&lt;/chain&gt;" dest="5+">
				<expression noclean="1" />
			</RegExp>
			<!-- obtención de los posters de TMDB -->
			<RegExp conditional="EnableTMDBPoster" input="$$6" output="&lt;chain function=&quot;GetTMDBLangThumbsByIdChain&quot;&gt;tt\1&lt;/chain&gt;" dest="5+">
				<expression noclean="1" />
			</RegExp>
			
			<!-- obtención de los fanarts de trakt.tv -->
			<RegExp conditional="EnableTraktFanArt" input="$$6" output="&lt;url cache=&quot;trakttv-tt$$6.json&quot; function=&quot;GetTraktFanart&quot;&gt;http://api.trakt.tv/movie/summary.json/be64291aafbbbe62fdc4f3aa0edb4073/tt\1&lt;/url&gt;" dest="5+">
				<expression noclean="1" />
			</RegExp>
			<!-- obtención de los fanarts de fanart.tv -->
			<RegExp conditional="EnableFanartTvFanart" input="$$6" output="&lt;url cache=&quot;fanarttv-tt$$6.json&quot; function=&quot;GetFanartTvFanart&quot;&gt;http://webservice.fanart.tv/v3/movies/tt\1?api_key=ed4b784f97227358b31ca4dd966a04f1&lt;/url&gt;" dest="5+">
				<expression noclean="1" />
			</RegExp>
			<!-- obtención de los fanarts de TMDB -->
			<RegExp conditional="EnableTMDBFanArt" input="$$6" output="&lt;chain function=&quot;GetTMDBFanartByIdChain&quot;&gt;tt\1&lt;/chain&gt;" dest="5+">
				<expression noclean="1" />
			</RegExp>
			
			<!-- obtención del listado completo de actores de IMDB -->
			<RegExp conditional="IMDBCast" input="$$6" output="&lt;chain function=&quot;GetIMDBFullCastById&quot;&gt;tt\1&lt;/chain&gt;" dest="5+">
				<expression noclean="1" />
			</RegExp>
			<!-- obtención de clasificación MPAA en US de IMDB -->
			<RegExp conditional="IMDBMPAA" input="$$6" output="&lt;chain function=&quot;GetIMDBUSACert&quot;&gt;tt\1&lt;/chain&gt;" dest="5+">
				<expression noclean="1" />
			</RegExp>
			<!-- obtención de clasificación Top250 de IMDB -->
			<RegExp conditional="IMDBTop250" input="$$6" output="&lt;chain function=&quot;GetIMDBTOP250ById&quot;&gt;tt\1&lt;/chain&gt;" dest="5+">
				<expression noclean="1" />
			</RegExp>
			<!-- obtención de puntuación y número de votos de IMDB -->
			<RegExp conditional="IMDBRatings" input="$$6" output="&lt;chain function=&quot;GetIMDBRatingById&quot;&gt;tt\1&lt;/chain&gt;" dest="5+">
				<expression noclean="1" />
			</RegExp>
			<!-- obtención de eslogan de IMDB -->
			<RegExp conditional="IMDBTagline" input="$$6" output="&lt;chain function=&quot;GetIMDBTaglineById&quot;&gt;tt\1&lt;/chain&gt;" dest="5+">
				<expression noclean="1" />
			</RegExp>

			<!-- obtención de título de colección de TMDB-->
			<RegExp conditional="EnableTMDBSet" input="$$6" output="&lt;chain function=&quot;GetTMDBLangSetByIdChain&quot;&gt;tt\1&lt;/chain&gt;" dest="5+">
				<expression noclean="1" />
			</RegExp>
			<!-- obtención del eslogan de TMDB-->
			<RegExp conditional="EnableTMDBTagline" input="$$6" output="&lt;chain function=&quot;GetTMDBLangTaglineByIdChain&quot;&gt;tt\1&lt;/chain&gt;" dest="5+">
				<expression noclean="1" />
			</RegExp>
			<!-- obtención de la clasificacción MPAA de TMDB-->
			<RegExp conditional="EnableTMDBCertifications" input="$$6" output="&lt;chain function=&quot;GetTMDBCertificationsByIdChain&quot;&gt;tt\1&lt;/chain&gt;" dest="5+">
				<expression noclean="1" />
			</RegExp>
			<!-- obtención del trailer de TMDB -->
			<RegExp conditional="EnableTMDBTrailer" input="$$6" output="&lt;chain function=&quot;GetTMDBLangTrailerByIdChain&quot;&gt;tt\1&lt;/chain&gt;" dest="5+">
				<expression noclean="1" />
			</RegExp>
			
			<expression noclean="1" />
		</RegExp>
	</GetIMDBid>

	<!-- función para obtener trailers desde filmaffinity -->
	<GetFilmAffinityTrailer dest="5">
		<RegExp input="$$1" output="&lt;details&gt;&lt;trailer&gt;plugin://plugin.video.youtube/?action=play_video&amp;videoid=\1&lt;/trailer&gt;&lt;/details&gt;" dest="5+">
			<expression noclean="1">youtube.com/embed/([^&quot;\?]+)</expression>
		</RegExp>
	</GetFilmAffinityTrailer>
	
	<!-- función para la obtención de posters de filmaffinity -->
	<GetFilmAffinityPosters dest="5">
		<RegExp input="$$10" output="&lt;details&gt;\1&lt;/details&gt;" dest="5">
			<RegExp input="$$1" output="&lt;thumb aspect=&quot;poster&quot;&gt;\1&lt;/thumb&gt;" dest="10">
				<expression repeat="yes" noclean="1">(https://pics.filmaffinity.com/[^&quot;]+)&quot; title=&quot;[^&quot;]+?Poster</expression>
			</RegExp>
			<expression noclean="1" />
		</RegExp>
	</GetFilmAffinityPosters>
	
	<!-- función para la obtención de poster de trakt.tv -->
	<GetTraktPoster dest="5">
		<RegExp input="$$1" output="&lt;details&gt;&lt;thumb aspect=&quot;poster&quot;&gt;\1&lt;/thumb&gt;&lt;/details&gt;" dest="5">
			<expression noclean="1">&quot;poster&quot;:&quot;(http://[^&quot;]+)</expression>
		</RegExp>
	</GetTraktPoster>
	
	<!-- función para la obtención de fanart de trakt.tv -->
	<GetTraktFanart dest="5">
		<RegExp input="$$1" output="&lt;details&gt;&lt;fanart&gt;&lt;thumb&gt;\1&lt;/thumb&gt;&lt;/fanart&gt;&lt;/details&gt;" dest="5">
			<expression noclean="1">&quot;fanart&quot;:&quot;(http://[^&quot;]+)</expression>
		</RegExp>
	</GetTraktFanart>
	
	<!-- función para la obtención de poster de fanart.tv -->
	<GetFanartTvPoster dest="5">
		<RegExp input="$$10" output="&lt;details&gt;\1&lt;/details&gt;" dest="5">
			<RegExp input="$$1" output="&lt;thumb aspect=&quot;poster&quot;&gt;\1&lt;/thumb&gt;" dest="10">
				<expression repeat="yes" noclean="1">(http:[^&quot;]+?/movieposter/[^&quot;]+)</expression>
			</RegExp>
			<expression noclean="1" />
		</RegExp>
	</GetFanartTvPoster>
	
	<!-- función para la obtención de fanart de fanart.tv -->
	<GetFanartTvFanart dest="5">
		<RegExp input="$$10" output="&lt;details&gt;&lt;fanart&gt;\1&lt;/fanart&gt;&lt;/details&gt;" dest="5">
			<RegExp input="$$1" output="&lt;thumb&gt;\1&lt;/thumb&gt;" dest="10">
				<expression repeat="yes" noclean="1">(http:[^&quot;]+?/moviebackground/[^&quot;]+)</expression>
			</RegExp>
			<expression noclean="1" />
		</RegExp>
	</GetFanartTvFanart>
	
</scraper>
